distance_km,year,peak_date,peak_doy,peak_val
0.0,2018,2018-10-22,295,0.10029472410678864
0.1,2018,2018-05-19,139,0.18743367493152618
0.2,2018,2018-03-20,79,0.2074042111635208
0.3,2018,2018-04-13,103,0.2988424599170685
0.4,2018,2018-08-11,223,0.5068956613540649
0.5,2018,2018-10-22,295,0.4935002326965332
0.6,2018,2018-06-24,175,0.613462507724762
0.7,2018,2018-10-22,295,0.7581501007080078
0.8,2018,2018-05-19,139,0.5100233554840088
0.9,2018,2018-07-18,199,0.611439049243927
1.0,2018,2018-06-24,175,1.1166844367980957
1.1,2018,2018-09-04,247,1.2664614915847778
1.2,2018,2018-10-22,295,1.5013993978500366
1.3,2018,2018-05-31,151,1.5903985500335693
1.4,2018,2018-07-18,199,1.2315077781677246
1.5,2018,2018-03-20,79,1.3535257577896118
1.6,2018,2018-07-30,211,1.548095941543579
1.7,2018,2018-03-20,79,1.6889660358428955
1.8,2018,2018-10-10,283,2.5530357360839844
1.9,2018,2018-07-18,199,1.9458441734313965
2.0,2018,2018-03-08,67,1.2217199802398682
2.1,2018,2018-07-18,199,2.282503604888916
2.2,2018,2018-07-18,199,2.1355080604553223
2.3,2018,2018-06-24,175,1.3034695386886597
2.4,2018,2018-07-18,199,1.71973717212677
2.5,2018,2018-08-11,223,1.5623804330825806
2.6,2018,2018-08-11,223,2.5670032501220703
2.7,2018,2018-10-22,295,2.8067102432250977
2.8,2018,2018-05-19,139,1.8400495052337646
2.9,2018,2018-08-11,223,1.977033257484436
3.0,2018,2018-05-19,139,1.6802425384521484
3.1,2018,2018-05-19,139,1.6896326541900635
3.2,2018,2018-07-30,211,1.858751893043518
3.3,2018,2018-10-22,295,1.3345102071762085
3.4,2018,2018-04-13,103,1.395976185798645
3.5,2018,2018-03-08,67,1.055086374282837
3.6,2018,2018-06-24,175,0.8175593018531799
3.7,2018,2018-05-31,151,0.6747153401374817
3.8,2018,2018-03-08,67,0.7390713095664978
3.9,2018,2018-03-08,67,0.7390713095664978
4.0,2018,2018-06-24,175,0.6308585405349731
4.1,2018,2018-05-19,139,0.6525675058364868
4.2,2018,2018-06-24,175,0.6602917909622192
4.3,2018,2018-05-19,139,0.6304087042808533
4.4,2018,2018-06-24,175,0.6297731995582581
4.5,2018,2018-06-24,175,0.628363847732544
4.6,2018,2018-10-10,283,0.5834916234016418
4.7,2018,2018-09-28,271,0.5103088021278381
4.8,2018,2018-05-31,151,0.47152775526046753
4.9,2018,2018-05-31,151,0.473479688167572
5.0,2018,2018-05-31,151,0.511332631111145
5.1,2018,2018-03-08,67,0.6232503652572632
5.2,2018,2018-07-30,211,0.47679999470710754
5.3,2018,2018-07-30,211,1.003089189529419
5.4,2018,2018-09-04,247,0.7779860496520996
5.5,2018,2018-10-22,295,0.5546738505363464
5.6,2018,2018-10-22,295,0.5766133069992065
5.7,2018,2018-09-04,247,1.6508504152297974
5.8,2018,2018-08-11,223,1.916304111480713
5.9,2018,2018-05-19,139,2.3434791564941406
6.0,2018,2018-05-19,139,1.1133087873458862
6.1,2018,2018-05-19,139,0.8317680954933167
6.2,2018,2018-04-13,103,1.9495680332183838
6.3,2018,2018-05-19,139,2.129025936126709
6.4,2018,2018-05-19,139,1.5211561918258667
6.5,2018,2018-07-30,211,1.4760069847106934
6.6,2018,2018-05-19,139,1.8188804388046265
6.7,2018,2018-07-30,211,2.199876070022583
6.8,2018,2018-07-30,211,2.1320574283599854
6.9,2018,2018-05-19,139,2.0237250328063965
7.0,2018,2018-05-19,139,1.3451632261276245
7.1,2018,2018-10-22,295,0.745065450668335
7.2,2018,2018-10-22,295,1.0616711378097534
7.3,2018,2018-08-23,235,1.0287598371505737
7.4,2018,2018-07-30,211,0.8543389439582825
7.5,2018,2018-09-04,247,0.8472926020622253
7.6,2018,2018-07-18,199,0.7767716646194458
7.7,2018,2018-09-28,271,0.7735516428947449
7.8,2018,2018-09-28,271,0.7747256755828857
7.9,2018,2018-03-08,67,0.8609811067581177
8.0,2018,2018-03-08,67,0.8869948387145996
8.1,2018,2018-03-08,67,0.9492567777633667
8.2,2018,2018-03-08,67,0.9777377843856812
8.3,2018,2018-08-11,223,1.1176074743270874
8.4,2018,2018-08-11,223,1.1045632362365723
8.5,2018,2018-07-18,199,1.2159702777862549
8.6,2018,2018-09-04,247,1.3671058416366577
8.7,2018,2018-09-28,271,1.3709149360656738
8.8,2018,2018-10-10,283,1.4774225950241089
8.9,2018,2018-10-10,283,1.9595164060592651
9.0,2018,2018-04-13,103,2.2206594944000244
9.1,2018,2018-10-22,295,2.3720645904541016
9.2,2018,2018-09-16,259,2.7485320568084717
9.3,2018,2018-09-28,271,1.640705943107605
9.4,2018,2018-04-13,103,1.08992338180542
9.5,2018,2018-10-22,295,0.9603893160820007
9.6,2018,2018-09-16,259,0.9282909631729126
9.7,2018,2018-09-16,259,0.9307371973991394
9.8,2018,2018-09-16,259,0.8851032853126526
9.9,2018,2018-09-16,259,0.7878363132476807
10.0,2018,2018-03-08,67,0.9294238686561584
10.1,2018,2018-03-08,67,0.793308675289154
10.2,2018,2018-05-19,139,0.8980896472930908
10.3,2018,2018-07-18,199,0.7740188837051392
10.4,2018,2018-07-18,199,0.7927190065383911
10.5,2018,2018-05-07,127,0.7896409034729004
10.6,2018,2018-05-07,127,0.6663663387298584
10.7,2018,2018-05-07,127,0.7327281832695007
10.8,2018,2018-05-07,127,0.6620041728019714
10.9,2018,2018-03-08,67,0.6048175692558289
11.0,2018,2018-10-10,283,0.6443678140640259
11.1,2018,2018-03-08,67,0.6096538305282593
11.2,2018,2018-09-16,259,0.8787663578987122
11.3,2018,2018-05-31,151,1.414031982421875
11.4,2018,2018-10-22,295,1.4518258571624756
11.5,2018,2018-09-16,259,1.567301869392395
11.6,2018,2018-09-28,271,1.5927706956863403
11.7,2018,2018-09-16,259,1.550804615020752
11.8,2018,2018-04-13,103,1.5142678022384644
11.9,2018,2018-09-16,259,1.6098321676254272
12.0,2018,2018-09-28,271,1.615816593170166
12.1,2018,2018-10-10,283,1.4844783544540405
12.2,2018,2018-10-10,283,1.360778570175171
12.3,2018,2018-03-08,67,0.6764666438102722
12.4,2018,2018-03-20,79,0.404591828584671
12.5,2018,2018-03-20,79,0.35943517088890076
12.6,2018,2018-03-20,79,0.33082911372184753
12.7,2018,2018-07-18,199,0.30258890986442566
12.8,2018,2018-07-18,199,0.30055132508277893
12.9,2018,2018-07-18,199,0.27704885601997375
13.0,2018,2018-07-18,199,0.24389313161373138
13.1,2018,2018-10-22,295,0.2364770919084549
13.2,2018,2018-03-08,67,0.4317517578601837
13.3,2018,2018-03-08,67,1.4718422889709473
13.4,2018,2018-03-08,67,2.1225836277008057
13.5,2018,2018-03-20,79,2.1827707290649414
13.6,2018,2018-03-08,67,1.856539011001587
13.7,2018,2018-03-20,79,2.1895039081573486
13.8,2018,2018-10-10,283,1.3771334886550903
13.9,2018,2018-10-10,283,1.479650855064392
14.0,2018,2018-10-22,295,0.7612204551696777
14.1,2018,2018-10-10,283,0.33075326681137085
14.2,2018,2018-03-20,79,0.2941880226135254
14.3,2018,2018-07-18,199,0.24647098779678345
14.4,2018,2018-10-10,283,0.1793551743030548
14.5,2018,2018-10-22,295,0.15459609031677246
14.6,2018,2018-10-22,295,0.1011911928653717
14.7,2018,2018-08-11,223,0.12750005722045898
14.8,2018,2018-08-11,223,0.1773751676082611
14.9,2018,2018-07-30,211,0.17714999616146088
15.0,2018,2018-07-30,211,0.3777526021003723
15.1,2018,2018-07-30,211,0.494730144739151
15.2,2018,2018-09-04,247,0.5859829187393188
15.3,2018,2018-07-30,211,0.5290380120277405
15.4,2018,2018-10-22,295,0.5569830536842346
15.5,2018,2018-10-22,295,0.5466943979263306
15.6,2018,2018-09-04,247,0.4509217143058777
15.7,2018,2018-09-04,247,0.44766464829444885
15.8,2018,2018-06-24,175,0.46337756514549255
15.9,2018,2018-09-04,247,0.46312567591667175
16.0,2018,2018-09-04,247,0.5241310000419617
16.1,2018,2018-09-04,247,0.5318445563316345
16.2,2018,2018-05-19,139,0.45754149556159973
16.3,2018,2018-09-04,247,0.4084225594997406
16.4,2018,2018-05-19,139,0.4341258108615875
16.5,2018,2018-09-04,247,0.3757070302963257
16.6,2018,2018-04-13,103,0.47354644536972046
16.7,2018,2018-06-24,175,0.31997331976890564
16.8,2018,2018-03-20,79,0.4556521475315094
16.9,2018,2018-08-23,235,0.39566147327423096
17.0,2018,2018-08-23,235,0.3526889681816101
17.1,2018,2018-08-23,235,0.35208335518836975
17.2,2018,2018-05-07,127,0.46517214179039
17.3,2018,2018-05-19,139,0.38182783126831055
17.4,2018,2018-05-19,139,0.5791518092155457
17.5,2018,2018-05-19,139,0.5067250728607178
17.6,2018,2018-04-13,103,0.3943065404891968
17.7,2018,2018-04-13,103,0.3464699685573578
17.8,2018,2018-04-13,103,0.3873077929019928
17.9,2018,2018-04-13,103,0.3618006408214569
18.0,2018,2018-06-24,175,0.3442707061767578
18.1,2018,2018-06-24,175,0.34447187185287476
18.2,2018,2018-07-18,199,0.3438841998577118
18.3,2018,2018-07-18,199,0.3005359470844269
18.4,2018,2018-10-10,283,0.3383738100528717
18.5,2018,2018-10-10,283,0.3172183334827423
18.6,2018,2018-10-10,283,0.2762404680252075
18.7,2018,2018-08-23,235,0.23389247059822083
18.8,2018,2018-05-07,127,0.22445884346961975
18.9,2018,2018-05-19,139,0.18734169006347656
19.0,2018,2018-05-07,127,0.15456567704677582
19.1,2018,2018-05-07,127,0.12638524174690247
19.2,2018,2018-05-07,127,0.10281704366207123
19.3,2018,2018-08-23,235,0.06810715794563293
19.4,2018,2018-08-11,223,0.08610537648200989
19.5,2018,2018-08-11,223,0.06608377397060394
19.54,2018,2018-08-11,223,0.06608377397060394
0.0,2019,2019-05-02,122,0.11744899302721024
0.1,2019,2019-09-11,254,0.18358366191387177
0.2,2019,2019-05-14,134,0.2225087285041809
0.3,2019,2019-09-23,266,0.37234190106391907
0.4,2019,2019-09-23,266,0.4940016269683838
0.5,2019,2019-09-23,266,0.5026755332946777
0.6,2019,2019-09-23,266,0.49011164903640747
0.7,2019,2019-05-26,146,0.7304827570915222
0.8,2019,2019-08-06,218,0.6780078411102295
0.9,2019,2019-03-03,62,0.7130652666091919
1.0,2019,2019-08-30,242,0.6813692450523376
1.1,2019,2019-03-27,86,1.462822675704956
1.2,2019,2019-07-01,182,1.2178961038589478
1.3,2019,2019-04-20,110,1.1651054620742798
1.4,2019,2019-05-14,134,1.3359403610229492
1.5,2019,2019-05-14,134,1.3571685552597046
1.6,2019,2019-10-05,278,1.7062580585479736
1.7,2019,2019-08-06,218,1.6889660358428955
1.8,2019,2019-10-05,278,1.4192839860916138
1.9,2019,2019-08-06,218,1.9458441734313965
2.0,2019,2019-04-08,98,1.3933656215667725
2.1,2019,2019-07-25,206,1.374414086341858
2.2,2019,2019-07-01,182,1.9181671142578125
2.3,2019,2019-07-01,182,2.174988031387329
2.4,2019,2019-06-19,170,1.589003324508667
2.5,2019,2019-10-05,278,1.8298331499099731
2.6,2019,2019-07-01,182,2.7402753829956055
2.7,2019,2019-06-19,170,2.1928179264068604
2.8,2019,2019-06-19,170,2.329023838043213
2.9,2019,2019-08-18,230,2.5648748874664307
3.0,2019,2019-07-01,182,1.582343578338623
3.1,2019,2019-06-19,170,1.4905450344085693
3.2,2019,2019-06-19,170,1.1221216917037964
3.3,2019,2019-08-30,242,1.4353952407836914
3.4,2019,2019-03-03,62,0.9147210121154785
3.5,2019,2019-04-20,110,0.9830828905105591
3.6,2019,2019-04-08,98,0.8460438251495361
3.7,2019,2019-07-01,182,0.7226901650428772
3.8,2019,2019-07-01,182,0.8168951869010925
3.9,2019,2019-07-01,182,0.8168951869010925
4.0,2019,2019-06-19,170,0.7689800262451172
4.1,2019,2019-05-02,122,0.6484453082084656
4.2,2019,2019-03-15,74,0.646007239818573
4.3,2019,2019-03-15,74,0.6210173964500427
4.4,2019,2019-04-08,98,0.6217198967933655
4.5,2019,2019-04-08,98,0.6649078726768494
4.6,2019,2019-04-20,110,0.6093078851699829
4.7,2019,2019-04-20,110,0.604996919631958
4.8,2019,2019-06-07,158,0.6288345456123352
4.9,2019,2019-05-14,134,0.579694926738739
5.0,2019,2019-07-01,182,0.6398513317108154
5.1,2019,2019-05-26,146,0.643783450126648
5.2,2019,2019-05-14,134,0.6906812191009521
5.3,2019,2019-07-25,206,1.003089189529419
5.4,2019,2019-07-25,206,0.44554421305656433
5.5,2019,2019-05-02,122,0.5309962630271912
5.6,2019,2019-10-17,290,0.6531863212585449
5.7,2019,2019-09-23,266,1.647729516029358
5.8,2019,2019-04-20,110,1.0900957584381104
5.9,2019,2019-09-11,254,1.8822131156921387
6.0,2019,2019-04-20,110,1.1577115058898926
6.1,2019,2019-05-02,122,1.1202847957611084
6.2,2019,2019-05-02,122,1.019823670387268
6.3,2019,2019-05-02,122,1.21381413936615
6.4,2019,2019-05-02,122,1.285745620727539
6.5,2019,2019-08-30,242,1.843528389930725
6.6,2019,2019-08-30,242,1.843528389930725
6.7,2019,2019-07-25,206,1.465585708618164
6.8,2019,2019-07-13,194,2.1159253120422363
6.9,2019,2019-06-07,158,1.5045335292816162
7.0,2019,2019-06-07,158,1.283071517944336
7.1,2019,2019-05-02,122,0.8861026167869568
7.2,2019,2019-03-03,62,0.9782116413116455
7.3,2019,2019-03-03,62,0.9769707322120667
7.4,2019,2019-05-02,122,0.9270041584968567
7.5,2019,2019-03-15,74,0.8674283623695374
7.6,2019,2019-06-07,158,0.8611980080604553
7.7,2019,2019-05-02,122,0.8835573792457581
7.8,2019,2019-05-02,122,0.8707806468009949
7.9,2019,2019-03-15,74,0.9130446314811707
8.0,2019,2019-03-15,74,0.985055685043335
8.1,2019,2019-08-30,242,0.9646487832069397
8.2,2019,2019-08-30,242,1.014821171760559
8.3,2019,2019-08-30,242,1.1276792287826538
8.4,2019,2019-08-30,242,1.1169086694717407
8.5,2019,2019-08-30,242,1.2664669752120972
8.6,2019,2019-08-30,242,1.3707619905471802
8.7,2019,2019-06-07,158,1.3905856609344482
8.8,2019,2019-06-07,158,1.5513474941253662
8.9,2019,2019-10-05,278,2.149158239364624
9.0,2019,2019-10-05,278,2.3397858142852783
9.1,2019,2019-10-17,290,2.3944480419158936
9.2,2019,2019-10-17,290,2.733248472213745
9.3,2019,2019-10-17,290,1.9301010370254517
9.4,2019,2019-03-03,62,1.3279422521591187
9.5,2019,2019-04-08,98,0.9341291785240173
9.6,2019,2019-03-15,74,1.0436322689056396
9.7,2019,2019-04-08,98,1.0070902109146118
9.8,2019,2019-03-15,74,0.8592020273208618
9.9,2019,2019-10-05,278,1.070595622062683
10.0,2019,2019-05-02,122,1.0149681568145752
10.1,2019,2019-03-03,62,0.9516583681106567
10.2,2019,2019-10-05,278,0.8581220507621765
10.3,2019,2019-04-08,98,0.5353508591651917
10.4,2019,2019-10-05,278,0.7723779678344727
10.5,2019,2019-03-03,62,0.7753314971923828
10.6,2019,2019-03-27,86,0.7108207941055298
10.7,2019,2019-03-15,74,0.7904373407363892
10.8,2019,2019-03-03,62,0.7705672979354858
10.9,2019,2019-09-23,266,0.7214009761810303
11.0,2019,2019-06-19,170,0.7097359299659729
11.1,2019,2019-10-17,290,0.7067979574203491
11.2,2019,2019-10-17,290,0.8787692785263062
11.3,2019,2019-10-17,290,1.0740493535995483
11.4,2019,2019-05-02,122,1.3727164268493652
11.5,2019,2019-04-20,110,1.6154507398605347
11.6,2019,2019-10-17,290,1.5023679733276367
11.7,2019,2019-03-27,86,1.7092057466506958
11.8,2019,2019-03-27,86,1.5620863437652588
11.9,2019,2019-04-20,110,1.8510432267189025
12.0,2019,2019-05-02,122,1.6412692070007324
12.1,2019,2019-10-05,278,1.4974133968353271
12.2,2019,2019-10-05,278,1.285706639289856
12.3,2019,2019-03-15,74,0.8189064264297485
12.4,2019,2019-10-05,278,0.43404316902160645
12.5,2019,2019-10-05,278,0.4133355915546417
12.6,2019,2019-10-05,278,0.383187472820282
12.7,2019,2019-10-05,278,0.26736578345298767
12.8,2019,2019-03-03,62,0.28340068459510803
12.9,2019,2019-03-03,62,0.29353439807891846
13.0,2019,2019-03-03,62,0.2658647894859314
13.1,2019,2019-03-03,62,0.3128991723060608
13.2,2019,2019-03-15,74,0.6989760398864746
13.3,2019,2019-03-15,74,1.471014142036438
13.4,2019,2019-10-17,290,1.96096932888031
13.5,2019,2019-03-03,62,1.562286376953125
13.6,2019,2019-10-17,290,2.2513339519500732
13.7,2019,2019-10-17,290,2.3894710540771484
13.8,2019,2019-03-03,62,1.2354965209960938
13.9,2019,2019-10-05,278,1.563237190246582
14.0,2019,2019-03-15,74,0.9604314565658569
14.1,2019,2019-03-03,62,0.22237201035022736
14.2,2019,2019-03-15,74,0.9797701835632324
14.3,2019,2019-03-27,86,0.22000962495803833
14.4,2019,2019-03-27,86,0.3765745759010315
14.5,2019,2019-03-15,74,0.24006326496601105
14.6,2019,2019-03-15,74,0.1338891237974167
14.7,2019,2019-03-15,74,0.1509946882724762
14.8,2019,2019-03-15,74,0.19570448994636536
14.9,2019,2019-07-01,182,0.30072617530822754
15.0,2019,2019-07-13,194,0.4003739356994629
15.1,2019,2019-07-13,194,0.501592218875885
15.2,2019,2019-07-01,182,0.5925570726394653
15.3,2019,2019-07-01,182,0.5828171968460083
15.4,2019,2019-07-01,182,0.5617631077766418
15.5,2019,2019-07-01,182,0.5466943979263306
15.6,2019,2019-06-19,170,0.4823249876499176
15.7,2019,2019-07-01,182,0.44711780548095703
15.8,2019,2019-09-23,266,0.46351197361946106
15.9,2019,2019-09-23,266,0.4613654613494873
16.0,2019,2019-09-23,266,0.45292600989341736
16.1,2019,2019-09-23,266,0.4387272298336029
16.2,2019,2019-07-01,182,0.38602951169013977
16.3,2019,2019-06-19,170,0.3844413161277771
16.4,2019,2019-04-08,98,0.4071260392665863
16.5,2019,2019-10-17,290,0.41847196221351624
16.6,2019,2019-10-17,290,0.383126825094223
16.7,2019,2019-10-17,290,0.39714765548706055
16.8,2019,2019-04-08,98,0.49679258465766907
16.9,2019,2019-03-15,74,0.45523419976234436
17.0,2019,2019-08-18,230,0.5659177303314209
17.1,2019,2019-08-18,230,0.5168152451515198
17.2,2019,2019-05-14,134,0.37470194697380066
17.3,2019,2019-10-05,278,0.4773901402950287
17.4,2019,2019-05-14,134,0.4616563320159912
17.5,2019,2019-04-20,110,0.49462223052978516
17.6,2019,2019-04-20,110,0.3218226134777069
17.7,2019,2019-07-13,194,0.3195829391479492
17.8,2019,2019-05-14,134,0.4436662197113037
17.9,2019,2019-05-14,134,0.43869444727897644
18.0,2019,2019-05-14,134,0.47483065724372864
18.1,2019,2019-08-06,218,0.3204130232334137
18.2,2019,2019-08-06,218,0.28450220823287964
18.3,2019,2019-03-03,62,0.2794417440891266
18.4,2019,2019-08-18,230,0.20096805691719055
18.5,2019,2019-03-03,62,0.20448170602321625
18.6,2019,2019-03-27,86,0.23706133663654327
18.7,2019,2019-03-03,62,0.22727081179618835
18.8,2019,2019-07-25,206,0.16498927772045135
18.9,2019,2019-07-25,206,0.14395010471343994
19.0,2019,2019-07-25,206,0.13497018814086914
19.1,2019,2019-07-25,206,0.11716749519109726
19.2,2019,2019-07-25,206,0.11006942391395569
19.3,2019,2019-03-27,86,0.07285800576210022
19.4,2019,2019-03-15,74,0.06193817779421806
19.5,2019,2019-03-03,62,0.07706281542778015
19.54,2019,2019-03-03,62,0.07706281542778015
0.0,2020,2020-04-26,117,0.1451752930879593
0.1,2020,2020-04-26,117,0.18152949213981628
0.2,2020,2020-03-21,81,0.21750257909297943
0.3,2020,2020-03-21,81,0.4297230839729309
0.4,2020,2020-07-31,213,0.43277621269226074
0.5,2020,2020-06-25,177,0.5137776732444763
0.6,2020,2020-07-07,189,0.5153900980949402
0.7,2020,2020-07-19,201,0.4467872977256775
0.8,2020,2020-05-08,129,0.43952080607414246
0.9,2020,2020-09-29,273,0.4652862846851349
1.0,2020,2020-09-05,249,0.8024888634681702
1.1,2020,2020-08-24,237,1.348938226699829
1.2,2020,2020-06-13,165,1.915889024734497
1.3,2020,2020-09-05,249,1.6477246284484863
1.4,2020,2020-09-05,249,1.1087253093719482
1.5,2020,2020-09-05,249,1.2402065992355347
1.6,2020,2020-09-05,249,1.315730094909668
1.7,2020,2020-09-05,249,1.1101126670837402
1.8,2020,2020-04-26,117,1.1720904111862183
1.9,2020,2020-04-02,93,1.1536983251571655
2.0,2020,2020-07-19,201,2.042051315307617
2.1,2020,2020-09-17,261,2.0025203227996826
2.2,2020,2020-09-17,261,2.0539889335632324
2.3,2020,2020-08-12,225,2.713181257247925
2.4,2020,2020-09-17,261,1.5573910474777222
2.5,2020,2020-07-07,189,1.6872787475585938
2.6,2020,2020-08-12,225,2.6488654613494873
2.7,2020,2020-07-07,189,1.184718370437622
2.8,2020,2020-07-31,213,1.6092987060546875
2.9,2020,2020-03-21,81,1.9023338556289673
3.0,2020,2020-09-05,249,1.8004335165023804
3.1,2020,2020-09-05,249,1.9110941886901855
3.2,2020,2020-08-24,237,1.6666682958602905
3.3,2020,2020-06-01,153,1.403032898902893
3.4,2020,2020-07-07,189,1.2871607542037964
3.5,2020,2020-07-07,189,1.055086374282837
3.6,2020,2020-07-07,189,0.8473299741744995
3.7,2020,2020-04-14,105,0.7127848267555237
3.8,2020,2020-07-07,189,0.7655230760574341
3.9,2020,2020-07-07,189,0.7655230760574341
4.0,2020,2020-07-07,189,0.6640174984931946
4.1,2020,2020-09-05,249,0.6637744903564453
4.2,2020,2020-09-05,249,0.6435026526451111
4.3,2020,2020-09-05,249,0.6435565948486328
4.4,2020,2020-09-05,249,0.6499316096305847
4.5,2020,2020-09-29,273,0.5915201306343079
4.6,2020,2020-03-21,81,0.5544630885124207
4.7,2020,2020-03-21,81,0.560291588306427
4.8,2020,2020-03-21,81,0.5555508136749268
4.9,2020,2020-03-21,81,0.4855278730392456
5.0,2020,2020-09-29,273,0.5614069700241089
5.1,2020,2020-10-23,297,0.6174659729003906
5.2,2020,2020-07-19,201,0.6906812191009521
5.3,2020,2020-08-24,237,0.6037941575050354
5.4,2020,2020-06-13,165,0.6549556255340576
5.5,2020,2020-06-13,165,0.6823728680610657
5.6,2020,2020-04-14,105,0.7040536999702454
5.7,2020,2020-10-11,285,1.162602186203003
5.8,2020,2020-06-01,153,1.4557173252105713
5.9,2020,2020-05-08,129,2.326225996017456
6.0,2020,2020-05-08,129,2.130368947982788
6.1,2020,2020-04-14,105,1.3615968227386475
6.2,2020,2020-04-14,105,1.3854467868804932
6.3,2020,2020-04-14,105,1.364376187324524
6.4,2020,2020-04-14,105,1.3205692768096924
6.5,2020,2020-04-14,105,1.4717503786087036
6.6,2020,2020-04-02,93,1.823988676071167
6.7,2020,2020-04-02,93,2.5608909130096436
6.8,2020,2020-04-02,93,2.1320574283599854
6.9,2020,2020-06-01,153,1.6025948524475098
7.0,2020,2020-06-01,153,1.8145865201950073
7.1,2020,2020-06-01,153,1.1599828004837036
7.2,2020,2020-04-02,93,1.4872556924819946
7.3,2020,2020-04-14,105,1.311262845993042
7.4,2020,2020-04-02,93,1.0920954942703247
7.5,2020,2020-04-02,93,1.2062411308288574
7.6,2020,2020-07-19,201,1.236266016960144
7.7,2020,2020-03-21,81,0.9699243903160095
7.8,2020,2020-04-02,93,0.952846884727478
7.9,2020,2020-04-02,93,0.9575245380401611
8.0,2020,2020-04-02,93,0.9760244488716125
8.1,2020,2020-04-02,93,0.9880784749984741
8.2,2020,2020-04-14,105,1.0268337726593018
8.3,2020,2020-04-14,105,1.0873737335205078
8.4,2020,2020-07-31,213,1.1140851974487305
8.5,2020,2020-07-31,213,1.272312879562378
8.6,2020,2020-07-31,213,1.3707619905471802
8.7,2020,2020-04-14,105,1.4585334062576294
8.8,2020,2020-04-14,105,1.5513474941253662
8.9,2020,2020-09-17,261,2.1438159942626953
9.0,2020,2020-09-17,261,2.6267852783203125
9.1,2020,2020-10-23,297,2.7868378162384033
9.2,2020,2020-10-11,285,2.727243423461914
9.3,2020,2020-10-23,297,2.4850337505340576
9.4,2020,2020-10-23,297,1.356021761894226
9.5,2020,2020-10-23,297,0.6903350949287415
9.6,2020,2020-10-23,297,0.7764167189598083
9.7,2020,2020-10-23,297,0.8472369909286499
9.8,2020,2020-03-09,69,0.8175638318061829
9.9,2020,2020-03-09,69,0.8263471126556396
10.0,2020,2020-03-21,81,1.0518723726272583
10.1,2020,2020-10-11,285,0.706269383430481
10.2,2020,2020-10-23,297,0.9563392996788025
10.3,2020,2020-10-23,297,0.6778984665870667
10.4,2020,2020-10-23,297,0.7700066566467285
10.5,2020,2020-06-13,165,0.7109419703483582
10.6,2020,2020-04-14,105,0.7466908097267151
10.7,2020,2020-04-14,105,0.8919167518615723
10.8,2020,2020-09-17,261,0.7593825459480286
10.9,2020,2020-05-20,141,0.6425688862800598
11.0,2020,2020-10-23,297,0.6664286255836487
11.1,2020,2020-10-23,297,0.7111904621124268
11.2,2020,2020-09-17,261,1.2090662717819214
11.3,2020,2020-09-17,261,1.414031982421875
11.4,2020,2020-06-13,165,1.4625967741012573
11.5,2020,2020-09-05,249,1.6002289056777954
11.6,2020,2020-10-11,285,1.4465200901031494
11.7,2020,2020-07-31,213,1.746006965637207
11.8,2020,2020-04-02,93,1.664286417961121
11.9,2020,2020-09-29,273,1.6863222122192383
12.0,2020,2020-09-29,273,1.730476975440979
12.1,2020,2020-03-21,81,1.5397379398345947
12.2,2020,2020-10-23,297,1.2715110778808594
12.3,2020,2020-03-09,69,0.6621867418289185
12.4,2020,2020-03-09,69,0.6052470207214355
12.5,2020,2020-03-09,69,0.42446160316467285
12.6,2020,2020-03-09,69,0.2267483025789261
12.7,2020,2020-03-09,69,0.21790999174118042
12.8,2020,2020-03-09,69,0.2039032131433487
12.9,2020,2020-03-09,69,0.15081988275051117
13.0,2020,2020-03-09,69,0.1920403093099594
13.1,2020,2020-03-09,69,0.35863786935806274
13.2,2020,2020-03-09,69,0.38451871275901794
13.3,2020,2020-10-11,285,0.6367337107658386
13.4,2020,2020-10-23,297,1.3849633932113647
13.5,2020,2020-10-23,297,2.0941805839538574
13.6,2020,2020-10-11,285,2.0646629333496094
13.7,2020,2020-03-09,69,2.3759398460388184
13.8,2020,2020-10-11,285,1.5876491069793701
13.9,2020,2020-10-11,285,1.4486286640167236
14.0,2020,2020-10-23,297,0.68278568983078
14.1,2020,2020-10-23,297,0.45009541511535645
14.2,2020,2020-03-09,69,0.33375585079193115
14.3,2020,2020-10-11,285,0.32086238265037537
14.4,2020,2020-10-11,285,0.3545438051223755
14.5,2020,2020-04-02,93,0.09434060007333755
14.6,2020,2020-03-09,69,0.2926314175128937
14.7,2020,2020-03-09,69,0.20435300469398499
14.8,2020,2020-03-09,69,0.2133282721042633
14.9,2020,2020-08-12,225,0.20575492084026337
15.0,2020,2020-07-07,189,0.4003739356994629
15.1,2020,2020-07-07,189,0.4517076015472412
15.2,2020,2020-03-09,69,0.5498944520950317
15.3,2020,2020-03-09,69,0.6385540962219238
15.4,2020,2020-09-29,273,0.5395606756210327
15.5,2020,2020-07-07,189,0.47289523482322693
15.6,2020,2020-07-07,189,0.4415630102157593
15.7,2020,2020-07-07,189,0.44766464829444885
15.8,2020,2020-07-07,189,0.45552492141723633
15.9,2020,2020-05-08,129,0.44028693437576294
16.0,2020,2020-10-23,297,0.49741077423095703
16.1,2020,2020-05-08,129,0.41248834133148193
16.2,2020,2020-10-23,297,0.3802475333213806
16.3,2020,2020-05-08,129,0.4084225594997406
16.4,2020,2020-10-23,297,0.4349825978279114
16.5,2020,2020-05-08,129,0.4069834053516388
16.6,2020,2020-10-23,297,0.426687628030777
16.7,2020,2020-06-13,165,0.3915811777114868
16.8,2020,2020-04-14,105,0.43466678261756897
16.9,2020,2020-06-13,165,0.4669753909111023
17.0,2020,2020-04-14,105,0.5177958011627197
17.1,2020,2020-10-23,297,0.4651389420032501
17.2,2020,2020-04-26,117,0.34284543991088867
17.3,2020,2020-04-26,117,0.3908763527870178
17.4,2020,2020-09-29,273,0.46803876757621765
17.5,2020,2020-07-19,201,0.49301081895828247
17.6,2020,2020-04-14,105,0.4990307688713074
17.7,2020,2020-04-14,105,0.5259569883346558
17.8,2020,2020-04-26,117,0.4380039870738983
17.9,2020,2020-04-26,117,0.45232173800468445
18.0,2020,2020-04-26,117,0.39746755361557007
18.1,2020,2020-07-31,213,0.3678131699562073
18.2,2020,2020-07-31,213,0.3938879072666168
18.3,2020,2020-05-20,141,0.3436110317707062
18.4,2020,2020-05-20,141,0.329959511756897
18.5,2020,2020-09-29,273,0.28659719228744507
18.6,2020,2020-09-29,273,0.2762404680252075
18.7,2020,2020-04-14,105,0.24590732157230377
18.8,2020,2020-04-14,105,0.2131100744009018
18.9,2020,2020-04-14,105,0.1727820485830307
19.0,2020,2020-05-20,141,0.13163445889949799
19.1,2020,2020-03-21,81,0.12673090398311615
19.2,2020,2020-03-21,81,0.12742680311203003
19.3,2020,2020-07-31,213,0.11813858896493912
19.4,2020,2020-07-31,213,0.07073984295129776
19.5,2020,2020-09-17,261,0.059809841215610504
19.54,2020,2020-09-17,261,0.059809841215610504
0.0,2021,2021-05-03,123,0.1592353880405426
0.1,2021,2021-05-27,147,0.16158367693424225
0.2,2021,2021-09-24,267,0.21860291063785553
0.3,2021,2021-07-26,207,0.43120166659355164
0.4,2021,2021-04-09,99,0.477150022983551
0.5,2021,2021-10-06,279,0.5646600723266602
0.6,2021,2021-09-12,255,0.5526907444000244
0.7,2021,2021-09-24,267,0.792144238948822
0.8,2021,2021-03-04,63,0.8276530504226685
0.9,2021,2021-08-19,231,1.0146431922912598
1.0,2021,2021-09-24,267,1.1084165573120117
1.1,2021,2021-09-24,267,1.3420268297195435
1.2,2021,2021-07-14,195,1.8379120826721191
1.3,2021,2021-07-14,195,1.9354923963546753
1.4,2021,2021-07-26,207,1.3571276664733887
1.5,2021,2021-07-26,207,1.529932975769043
1.6,2021,2021-07-26,207,1.5299214124679565
1.7,2021,2021-08-07,219,1.5223435163497925
1.8,2021,2021-07-02,183,2.5530357360839844
1.9,2021,2021-06-20,171,1.1659311056137085
2.0,2021,2021-07-14,195,2.0664901733398438
2.1,2021,2021-07-26,207,1.956909418106079
2.2,2021,2021-08-19,231,1.504477858543396
2.3,2021,2021-08-07,219,2.713181257247925
2.4,2021,2021-07-02,183,2.176495313644409
2.5,2021,2021-07-02,183,1.6806023120880127
2.6,2021,2021-08-07,219,2.7402753829956055
2.7,2021,2021-07-02,183,2.8752310276031494
2.8,2021,2021-04-21,111,2.1346676349639893
2.9,2021,2021-08-31,243,2.4779388904571533
3.0,2021,2021-08-31,243,2.0404539108276367
3.1,2021,2021-08-31,243,1.6530948877334595
3.2,2021,2021-07-14,195,1.8698058128356934
3.3,2021,2021-03-28,87,1.464173436164856
3.4,2021,2021-07-02,183,1.4772499799728394
3.5,2021,2021-10-06,279,1.0490033626556396
3.6,2021,2021-10-06,279,0.7225680351257324
3.7,2021,2021-10-06,279,0.6405705213546753
3.8,2021,2021-07-02,183,0.6123039722442627
3.9,2021,2021-07-02,183,0.6123039722442627
4.0,2021,2021-07-02,183,0.6270720362663269
4.1,2021,2021-07-02,183,0.6606321930885315
4.2,2021,2021-03-16,75,0.6804541349411011
4.3,2021,2021-03-16,75,0.6733558773994446
4.4,2021,2021-03-16,75,0.6456412672996521
4.5,2021,2021-03-16,75,0.6496648192405701
4.6,2021,2021-03-16,75,0.629002571105957
4.7,2021,2021-03-16,75,0.6376006007194519
4.8,2021,2021-04-09,99,0.5694604516029358
4.9,2021,2021-04-09,99,0.5916370749473572
5.0,2021,2021-10-06,279,0.603868305683136
5.1,2021,2021-06-08,159,0.5889694690704346
5.2,2021,2021-08-31,243,0.6380569338798523
5.3,2021,2021-06-20,171,0.9900890588760376
5.4,2021,2021-06-20,171,0.43509337306022644
5.5,2021,2021-05-15,135,0.5244130492210388
5.6,2021,2021-05-15,135,0.7098708748817444
5.7,2021,2021-07-14,195,1.1132147312164307
5.8,2021,2021-05-15,135,1.7669023275375366
5.9,2021,2021-03-28,87,1.2814879417419434
6.0,2021,2021-03-28,87,1.2525663375854492
6.1,2021,2021-03-28,87,1.3868234157562256
6.2,2021,2021-03-28,87,1.19169282913208
6.3,2021,2021-05-03,123,2.129025936126709
6.4,2021,2021-05-03,123,1.5608088970184326
6.5,2021,2021-05-03,123,1.696355938911438
6.6,2021,2021-04-09,99,1.8683301210403442
6.7,2021,2021-04-09,99,2.5608909130096436
6.8,2021,2021-05-03,123,1.7425682544708252
6.9,2021,2021-05-15,135,2.0669801235198975
7.0,2021,2021-05-15,135,1.8145865201950073
7.1,2021,2021-05-03,123,1.2267186641693115
7.2,2021,2021-05-27,147,1.4872556924819946
7.3,2021,2021-05-15,135,1.0834596157073975
7.4,2021,2021-04-09,99,0.8334508538246155
7.5,2021,2021-04-09,99,1.0107671022415161
7.6,2021,2021-04-09,99,1.060495376586914
7.7,2021,2021-04-09,99,1.0808351039886475
7.8,2021,2021-04-09,99,1.0621187686920166
7.9,2021,2021-04-09,99,0.9744422435760498
8.0,2021,2021-04-09,99,0.985055685043335
8.1,2021,2021-08-31,243,0.9043629169464111
8.2,2021,2021-08-07,219,1.0264637470245361
8.3,2021,2021-04-09,99,1.0837501287460327
8.4,2021,2021-04-09,99,1.0858359336853027
8.5,2021,2021-10-18,291,1.2405064105987549
8.6,2021,2021-10-18,291,1.3291394710540771
8.7,2021,2021-05-27,147,1.4516515731811523
8.8,2021,2021-05-15,135,1.541657567024231
8.9,2021,2021-03-04,63,1.8679946660995483
9.0,2021,2021-10-06,279,2.710348606109619
9.1,2021,2021-10-18,291,2.710724353790283
9.2,2021,2021-04-21,111,2.6009013652801514
9.3,2021,2021-09-24,267,1.6015279293060303
9.4,2021,2021-10-18,291,1.622994065284729
9.5,2021,2021-03-16,75,1.2398343086242676
9.6,2021,2021-03-04,63,1.1134363412857056
9.7,2021,2021-03-04,63,1.0304664373397827
9.8,2021,2021-03-04,63,0.94997239112854
9.9,2021,2021-03-16,75,1.052762746810913
10.0,2021,2021-04-21,111,1.0628001689910889
10.1,2021,2021-04-21,111,0.9613239765167236
10.2,2021,2021-03-28,87,0.7172178626060486
10.3,2021,2021-03-16,75,0.6952046155929565
10.4,2021,2021-03-28,87,0.612290620803833
10.5,2021,2021-09-24,267,0.7368727326393127
10.6,2021,2021-03-16,75,0.6919327974319458
10.7,2021,2021-03-16,75,0.8697627782821655
10.8,2021,2021-03-16,75,0.7718518972396851
10.9,2021,2021-07-02,183,0.6999473571777344
11.0,2021,2021-07-02,183,0.6997268795967102
11.1,2021,2021-03-28,87,0.754309356212616
11.2,2021,2021-05-15,135,0.98800128698349
11.3,2021,2021-04-21,111,1.1544121503829956
11.4,2021,2021-03-16,75,1.4471489191055298
11.5,2021,2021-03-16,75,1.5304452180862427
11.6,2021,2021-03-16,75,1.516517162322998
11.7,2021,2021-10-06,279,1.6086604595184326
11.8,2021,2021-03-16,75,1.5745173692703247
11.9,2021,2021-04-09,99,1.607775092124939
12.0,2021,2021-10-06,279,1.7157957553863525
12.1,2021,2021-03-04,63,1.4978429079055786
12.2,2021,2021-03-16,75,1.3808437585830688
12.3,2021,2021-03-28,87,0.928403913974762
12.4,2021,2021-04-21,111,0.6432276964187622
12.5,2021,2021-07-02,183,0.3196621239185333
12.6,2021,2021-03-28,87,0.4301047921180725
12.7,2021,2021-04-09,99,0.23942767083644867
12.8,2021,2021-07-02,183,0.3455042243003845
12.9,2021,2021-07-02,183,0.2873556315898895
13.0,2021,2021-07-02,183,0.2337026745080948
13.1,2021,2021-10-18,291,0.23812651634216309
13.2,2021,2021-03-16,75,0.6222009062767029
13.3,2021,2021-03-16,75,1.3945705890655518
13.4,2021,2021-03-16,75,1.6884784698486328
13.5,2021,2021-03-04,63,2.305816411972046
13.6,2021,2021-03-04,63,2.58908748626709
13.7,2021,2021-10-18,291,2.369332790374756
13.8,2021,2021-10-18,291,2.0364763736724854
13.9,2021,2021-10-18,291,1.2068800926208496
14.0,2021,2021-03-04,63,0.5310528874397278
14.1,2021,2021-03-28,87,0.41312533617019653
14.2,2021,2021-10-18,291,0.9594693183898926
14.3,2021,2021-03-16,75,0.6664710640907288
14.4,2021,2021-10-18,291,0.6088252067565918
14.5,2021,2021-03-16,75,0.23222839832305908
14.6,2021,2021-07-02,183,0.13799668848514557
14.7,2021,2021-07-14,195,0.1249556839466095
14.8,2021,2021-07-14,195,0.23118440806865692
14.9,2021,2021-07-14,195,0.30049005150794983
15.0,2021,2021-07-14,195,0.4003227949142456
15.1,2021,2021-07-14,195,0.4997979700565338
15.2,2021,2021-07-26,207,0.5838747620582581
15.3,2021,2021-04-09,99,0.6398758888244629
15.4,2021,2021-10-06,279,0.5945215225219727
15.5,2021,2021-05-27,147,0.5280736088752747
15.6,2021,2021-03-28,87,0.4823249876499176
15.7,2021,2021-07-02,183,0.43226027488708496
15.8,2021,2021-05-27,147,0.46351197361946106
15.9,2021,2021-06-20,171,0.447238028049469
16.0,2021,2021-06-20,171,0.43932750821113586
16.1,2021,2021-04-21,111,0.436076283454895
16.2,2021,2021-04-21,111,0.45754149556159973
16.3,2021,2021-07-02,183,0.3922674059867859
16.4,2021,2021-06-20,171,0.4349825978279114
16.5,2021,2021-04-21,111,0.4167805016040802
16.6,2021,2021-07-02,183,0.47354644536972046
16.7,2021,2021-07-02,183,0.425558865070343
16.8,2021,2021-04-09,99,0.44775500893592834
16.9,2021,2021-07-14,195,0.42935308814048767
17.0,2021,2021-07-14,195,0.3911114037036896
17.1,2021,2021-06-08,159,0.4371159076690674
17.2,2021,2021-03-04,63,0.43558621406555176
17.3,2021,2021-04-21,111,0.4773901402950287
17.4,2021,2021-04-21,111,0.37732210755348206
17.5,2021,2021-05-15,135,0.478656530380249
17.6,2021,2021-05-03,123,0.41797852516174316
17.7,2021,2021-04-21,111,0.46631401777267456
17.8,2021,2021-09-24,267,0.48672929406166077
17.9,2021,2021-04-21,111,0.3659957945346832
18.0,2021,2021-06-08,159,0.37649303674697876
18.1,2021,2021-09-24,267,0.40067923069000244
18.2,2021,2021-07-02,183,0.4204420745372772
18.3,2021,2021-07-02,183,0.3918841779232025
18.4,2021,2021-05-15,135,0.3379431962966919
18.5,2021,2021-07-02,183,0.3183780908584595
18.6,2021,2021-07-26,207,0.24802035093307495
18.7,2021,2021-07-02,183,0.2653343081474304
18.8,2021,2021-07-02,183,0.22474385797977448
18.9,2021,2021-04-09,99,0.1876944899559021
19.0,2021,2021-06-20,171,0.15428170561790466
19.1,2021,2021-07-14,195,0.15694767236709595
19.2,2021,2021-07-14,195,0.12435664981603622
19.3,2021,2021-06-20,171,0.0907481387257576
19.4,2021,2021-04-09,99,0.05670091137290001
19.5,2021,2021-04-09,99,0.05098665878176689
19.54,2021,2021-04-09,99,0.05098665878176689
0.0,2022,2022-10-25,298,0.1304113268852234
0.1,2022,2022-08-02,214,0.1581917405128479
0.2,2022,2022-10-25,298,0.2599003314971924
0.3,2022,2022-04-28,118,0.3812096416950226
0.4,2022,2022-06-27,178,0.3646220266819
0.5,2022,2022-06-27,178,0.4847135841846466
0.6,2022,2022-08-26,238,0.6118865609169006
0.7,2022,2022-07-09,190,0.6386699080467224
0.8,2022,2022-06-15,166,0.8273369073867798
0.9,2022,2022-10-25,298,0.9769863486289978
1.0,2022,2022-08-26,238,1.0926554203033447
1.1,2022,2022-08-14,226,1.7997380495071411
1.2,2022,2022-06-27,178,1.915889024734497
1.3,2022,2022-05-22,142,1.9354923963546753
1.4,2022,2022-04-28,118,1.4396737813949585
1.5,2022,2022-04-28,118,1.3973385095596313
1.6,2022,2022-04-28,118,1.0875095129013062
1.7,2022,2022-04-04,94,1.5617035627365112
1.8,2022,2022-05-10,130,2.0751965045928955
1.9,2022,2022-09-07,250,1.6785693168640137
2.0,2022,2022-06-15,166,2.0664901733398438
2.1,2022,2022-08-14,226,2.282503604888916
2.2,2022,2022-08-14,226,2.1355080604553223
2.3,2022,2022-08-26,238,1.4530997276306152
2.4,2022,2022-07-21,202,2.194155216217041
2.5,2022,2022-10-01,274,2.31551194190979
2.6,2022,2022-06-15,166,2.444451332092285
2.7,2022,2022-06-15,166,2.8752310276031494
2.8,2022,2022-06-03,154,2.375640630722046
2.9,2022,2022-06-15,166,2.5648748874664307
3.0,2022,2022-06-15,166,2.0841903686523438
3.1,2022,2022-05-22,142,1.9110941886901855
3.2,2022,2022-03-11,70,1.250744104385376
3.3,2022,2022-04-16,106,1.3393961191177368
3.4,2022,2022-04-16,106,1.474604606628418
3.5,2022,2022-03-23,82,1.0141193866729736
3.6,2022,2022-09-07,250,0.7565814852714539
3.7,2022,2022-06-03,154,0.7652082443237305
3.8,2022,2022-05-22,142,0.6127281785011292
3.9,2022,2022-05-22,142,0.6127281785011292
4.0,2022,2022-05-22,142,0.6185346841812134
4.1,2022,2022-10-25,298,0.6197012066841125
4.2,2022,2022-10-25,298,0.5981383919715881
4.3,2022,2022-10-25,298,0.5924452543258667
4.4,2022,2022-03-23,82,0.5920280814170837
4.5,2022,2022-03-23,82,0.6106522679328918
4.6,2022,2022-03-23,82,0.6158520579338074
4.7,2022,2022-03-23,82,0.6507152915000916
4.8,2022,2022-10-01,274,0.4306093156337738
4.9,2022,2022-03-11,70,0.446860671043396
5.0,2022,2022-03-11,70,0.5452215075492859
5.1,2022,2022-06-03,154,0.643783450126648
5.2,2022,2022-05-22,142,0.5865684747695923
5.3,2022,2022-03-23,82,0.6476061344146729
5.4,2022,2022-05-10,130,0.4482489824295044
5.5,2022,2022-06-03,154,0.6823728680610657
5.6,2022,2022-05-22,142,0.6683967709541321
5.7,2022,2022-04-16,106,1.6508504152297974
5.8,2022,2022-06-27,178,1.9070541858673096
5.9,2022,2022-08-14,226,2.3434791564941406
6.0,2022,2022-04-28,118,2.2005255222320557
6.1,2022,2022-06-03,154,1.646787405014038
6.2,2022,2022-09-07,250,1.9448182582855225
6.3,2022,2022-07-21,202,2.1116795539855957
6.4,2022,2022-07-21,202,1.6478521823883057
6.5,2022,2022-07-21,202,1.290145993232727
6.6,2022,2022-04-04,94,1.866000771522522
6.7,2022,2022-04-28,118,2.0431110858917236
6.8,2022,2022-04-04,94,1.9692068099975586
6.9,2022,2022-08-26,238,2.0669801235198975
7.0,2022,2022-04-04,94,1.697584867477417
7.1,2022,2022-04-04,94,1.0959197282791138
7.2,2022,2022-07-09,190,1.3983057737350464
7.3,2022,2022-04-04,94,1.311262845993042
7.4,2022,2022-06-15,166,1.0749413967132568
7.5,2022,2022-06-15,166,1.1796064376831055
7.6,2022,2022-06-15,166,0.8450071811676025
7.7,2022,2022-03-23,82,1.0824187994003296
7.8,2022,2022-03-23,82,1.0621187686920166
7.9,2022,2022-03-23,82,0.9829069972038269
8.0,2022,2022-03-23,82,0.9493574500083923
8.1,2022,2022-03-23,82,0.9880784749984741
8.2,2022,2022-07-21,202,0.982752799987793
8.3,2022,2022-07-21,202,1.1276792287826538
8.4,2022,2022-07-21,202,1.1169086694717407
8.5,2022,2022-07-09,190,1.272312879562378
8.6,2022,2022-07-21,202,1.3546472787857056
8.7,2022,2022-10-01,274,1.3037525415420532
8.8,2022,2022-05-22,142,1.5448890924453735
8.9,2022,2022-09-07,250,2.1808104515075684
9.0,2022,2022-09-07,250,2.4188828468322754
9.1,2022,2022-10-01,274,2.717010974884033
9.2,2022,2022-10-01,274,2.865708827972412
9.3,2022,2022-10-01,274,2.3509531021118164
9.4,2022,2022-10-01,274,1.0503284931182861
9.5,2022,2022-10-01,274,0.8669570684432983
9.6,2022,2022-10-01,274,0.9787198901176453
9.7,2022,2022-03-23,82,0.9136406183242798
9.8,2022,2022-03-23,82,0.861440896987915
9.9,2022,2022-04-28,118,0.8978937864303589
10.0,2022,2022-06-03,154,0.8622505068778992
10.1,2022,2022-03-23,82,0.7547798752784729
10.2,2022,2022-03-11,70,0.6254073977470398
10.3,2022,2022-03-11,70,0.4034256041049957
10.4,2022,2022-10-01,274,0.6725398302078247
10.5,2022,2022-04-16,106,0.837063729763031
10.6,2022,2022-04-28,118,0.6504804491996765
10.7,2022,2022-04-28,118,0.777855634689331
10.8,2022,2022-10-25,298,0.7135078310966492
10.9,2022,2022-03-11,70,0.5910316109657288
11.0,2022,2022-08-02,214,0.6656385064125061
11.1,2022,2022-08-02,214,0.6500017046928406
11.2,2022,2022-04-28,118,1.212833046913147
11.3,2022,2022-04-04,94,1.2257106304168701
11.4,2022,2022-05-22,142,1.6077686548233032
11.5,2022,2022-10-01,274,1.4993494749069214
11.6,2022,2022-03-11,70,1.4996079206466675
11.7,2022,2022-03-11,70,1.4697643518447876
11.8,2022,2022-10-01,274,1.6543368101119995
11.9,2022,2022-10-25,298,1.5580413341522217
12.0,2022,2022-10-25,298,1.5843982696533203
12.1,2022,2022-03-11,70,1.7111879587173462
12.2,2022,2022-10-01,274,1.218596339225769
12.3,2022,2022-03-23,82,0.6684868335723877
12.4,2022,2022-03-23,82,0.48549771308898926
12.5,2022,2022-03-23,82,0.3752301335334778
12.6,2022,2022-03-23,82,0.279541552066803
12.7,2022,2022-10-25,298,0.2803725600242615
12.8,2022,2022-10-25,298,0.2590799033641815
12.9,2022,2022-08-14,226,0.23160499334335327
13.0,2022,2022-08-14,226,0.22565577924251556
13.1,2022,2022-03-11,70,0.24356520175933838
13.2,2022,2022-03-11,70,1.0168710947036743
13.3,2022,2022-03-11,70,1.6406300067901611
13.4,2022,2022-03-11,70,1.3221198320388794
13.5,2022,2022-10-25,298,1.6324909925460815
13.6,2022,2022-03-11,70,1.8161818981170654
13.7,2022,2022-03-11,70,1.8395265340805054
13.8,2022,2022-03-11,70,0.36422455310821533
13.9,2022,2022-03-23,82,0.25847646594047546
14.0,2022,2022-03-11,70,0.27901843190193176
14.1,2022,2022-03-11,70,0.31316709518432617
14.2,2022,2022-08-02,214,0.27965810894966125
14.3,2022,2022-10-25,298,0.2454015165567398
14.4,2022,2022-06-03,154,0.2590470314025879
14.5,2022,2022-03-11,70,0.12758535146713257
14.6,2022,2022-07-21,202,0.14725497364997864
14.7,2022,2022-07-21,202,0.17066219449043274
14.8,2022,2022-07-21,202,0.19796377420425415
14.9,2022,2022-07-21,202,0.2128288745880127
15.0,2022,2022-06-15,166,0.37333396077156067
15.1,2022,2022-06-03,154,0.4554353654384613
15.2,2022,2022-06-03,154,0.5411686897277832
15.3,2022,2022-06-03,154,0.5366247296333313
15.4,2022,2022-10-25,298,0.5935274958610535
15.5,2022,2022-10-25,298,0.4490489661693573
15.6,2022,2022-06-03,154,0.41103604435920715
15.7,2022,2022-04-16,106,0.39984485507011414
15.8,2022,2022-04-28,118,0.4273800253868103
15.9,2022,2022-10-25,298,0.4254117012023926
16.0,2022,2022-06-15,166,0.37515518069267273
16.1,2022,2022-10-25,298,0.4332141578197479
16.2,2022,2022-10-25,298,0.4539991319179535
16.3,2022,2022-10-25,298,0.3976929783821106
16.4,2022,2022-04-28,118,0.37119847536087036
16.5,2022,2022-03-11,70,0.3472801744937897
16.6,2022,2022-03-11,70,0.47254839539527893
16.7,2022,2022-05-22,142,0.33040502667427063
16.8,2022,2022-08-26,238,0.37176263332366943
16.9,2022,2022-08-26,238,0.47774556279182434
17.0,2022,2022-05-10,130,0.4010312259197235
17.1,2022,2022-05-10,130,0.4283120036125183
17.2,2022,2022-05-10,130,0.4659585654735565
17.3,2022,2022-10-01,274,0.47624504566192627
17.4,2022,2022-05-10,130,0.4306151270866394
17.5,2022,2022-10-01,274,0.48991772532463074
17.6,2022,2022-05-10,130,0.32613807916641235
17.7,2022,2022-03-23,82,0.31556960940361023
17.8,2022,2022-05-10,130,0.37437236309051514
17.9,2022,2022-06-15,166,0.3827291429042816
18.0,2022,2022-06-15,166,0.38041603565216064
18.1,2022,2022-04-28,118,0.36492785811424255
18.2,2022,2022-03-23,82,0.4210693836212158
18.3,2022,2022-08-14,226,0.3136625289916992
18.4,2022,2022-05-22,142,0.32784178853034973
18.5,2022,2022-05-22,142,0.2852645814418793
18.6,2022,2022-04-28,118,0.26674365997314453
18.7,2022,2022-04-28,118,0.2653343081474304
18.8,2022,2022-05-22,142,0.21561791002750397
18.9,2022,2022-04-16,106,0.1751762330532074
19.0,2022,2022-03-23,82,0.1456739753484726
19.1,2022,2022-08-02,214,0.1573319435119629
19.2,2022,2022-08-02,214,0.16533565521240234
19.3,2022,2022-08-02,214,0.11813858896493912
19.4,2022,2022-08-14,226,0.06927546113729477
19.5,2022,2022-08-14,226,0.0600433275103569
19.54,2022,2022-08-14,226,0.0600433275103569
0.0,2023,2023-05-29,149,0.13611991703510284
0.1,2023,2023-05-29,149,0.18743367493152618
0.2,2023,2023-05-29,149,0.2558194696903229
0.3,2023,2023-06-22,173,0.3024531900882721
0.4,2023,2023-09-14,257,0.4197600483894348
0.5,2023,2023-03-06,65,0.3543313443660736
0.6,2023,2023-03-06,65,0.4306902587413788
0.7,2023,2023-05-05,125,0.5636951327323914
0.8,2023,2023-04-23,113,0.5732485055923462
0.9,2023,2023-09-02,245,0.6424293518066406
1.0,2023,2023-09-02,245,0.651154637336731
1.1,2023,2023-07-04,185,1.8011120557785034
1.2,2023,2023-07-04,185,1.8428149223327637
1.3,2023,2023-05-17,137,0.9747511744499207
1.4,2023,2023-07-04,185,0.958220362663269
1.5,2023,2023-07-04,185,1.0873078107833862
1.6,2023,2023-06-10,161,1.1362550258636475
1.7,2023,2023-06-10,161,1.3139694929122925
1.8,2023,2023-03-30,89,1.1542229652404785
1.9,2023,2023-05-29,149,1.9136494398117065
2.0,2023,2023-10-08,281,1.1699618101119995
2.1,2023,2023-05-17,137,1.0719879865646362
2.2,2023,2023-05-17,137,1.0516541004180908
2.3,2023,2023-05-29,149,2.698410987854004
2.4,2023,2023-09-02,245,1.8450231552124023
2.5,2023,2023-06-22,173,2.2592878341674805
2.6,2023,2023-06-22,173,2.505722761154175
2.7,2023,2023-09-02,245,1.2774182558059692
2.8,2023,2023-09-02,245,1.2817256450653076
2.9,2023,2023-05-29,149,1.5151797533035278
3.0,2023,2023-05-29,149,1.6703673601150513
3.1,2023,2023-05-29,149,1.8104757070541382
3.2,2023,2023-05-29,149,1.8812822103500366
3.3,2023,2023-06-10,161,1.465437889099121
3.4,2023,2023-05-29,149,1.467693567276001
3.5,2023,2023-05-29,149,0.770491361618042
3.6,2023,2023-07-04,185,0.5303341150283813
3.7,2023,2023-07-04,185,0.7311701774597168
3.8,2023,2023-07-04,185,0.741284966468811
3.9,2023,2023-07-04,185,0.741284966468811
4.0,2023,2023-07-04,185,0.6872190237045288
4.1,2023,2023-07-04,185,0.5426175594329834
4.2,2023,2023-10-20,293,0.5195310115814209
4.3,2023,2023-10-20,293,0.501163899898529
4.4,2023,2023-05-29,149,0.5214292407035828
4.5,2023,2023-05-29,149,0.5569594502449036
4.6,2023,2023-10-20,293,0.6226778030395508
4.7,2023,2023-05-29,149,0.5514448881149292
4.8,2023,2023-03-18,77,0.5372967720031738
4.9,2023,2023-03-18,77,0.49921369552612305
5.0,2023,2023-10-20,293,0.4891461730003357
5.1,2023,2023-03-18,77,0.6139856576919556
5.2,2023,2023-03-18,77,0.6082916259765625
5.3,2023,2023-03-06,65,0.39178338646888733
5.4,2023,2023-03-06,65,0.43233048915863037
5.5,2023,2023-03-06,65,0.44879770278930664
5.6,2023,2023-03-06,65,0.5667467713356018
5.7,2023,2023-07-04,185,0.7966768741607666
5.8,2023,2023-04-23,113,0.7812877297401428
5.9,2023,2023-05-29,149,0.9827260971069336
6.0,2023,2023-05-29,149,0.9827361702919006
6.1,2023,2023-04-23,113,0.7640040516853333
6.2,2023,2023-04-23,113,1.424198865890503
6.3,2023,2023-04-23,113,0.9199501276016235
6.4,2023,2023-07-04,185,0.7972875833511353
6.5,2023,2023-07-04,185,0.6158612966537476
6.6,2023,2023-07-04,185,0.5867761969566345
6.7,2023,2023-07-04,185,0.607539713382721
6.8,2023,2023-04-23,113,0.6264429092407227
6.9,2023,2023-07-04,185,0.7402124404907227
7.0,2023,2023-07-04,185,0.7015523314476013
7.1,2023,2023-07-04,185,0.7686367630958557
7.2,2023,2023-07-04,185,0.6778913736343384
7.3,2023,2023-07-16,197,1.0817461013793945
7.4,2023,2023-04-23,113,0.885506272315979
7.5,2023,2023-04-23,113,0.8331181406974792
7.6,2023,2023-04-23,113,0.7335595488548279
7.7,2023,2023-04-23,113,0.7410987019538879
7.8,2023,2023-04-23,113,0.8045508861541748
7.9,2023,2023-04-23,113,0.7996132969856262
8.0,2023,2023-04-23,113,0.8266777396202087
8.1,2023,2023-07-16,197,0.9017170071601868
8.2,2023,2023-07-16,197,1.0085498094558716
8.3,2023,2023-07-16,197,1.0469608306884766
8.4,2023,2023-04-23,113,1.0213161706924438
8.5,2023,2023-05-05,125,1.1187455654144287
8.6,2023,2023-05-05,125,1.3003252744674683
8.7,2023,2023-10-20,293,1.2209314107894897
8.8,2023,2023-03-30,89,1.2874089479446411
8.9,2023,2023-03-18,77,1.6671347618103027
9.0,2023,2023-10-20,293,2.706517219543457
9.1,2023,2023-10-08,281,2.7649879455566406
9.2,2023,2023-10-20,293,2.6675939559936523
9.3,2023,2023-04-11,101,1.7267258167266846
9.4,2023,2023-04-11,101,1.387964129447937
9.5,2023,2023-03-06,65,0.8900644779205322
9.6,2023,2023-10-20,293,1.1405973434448242
9.7,2023,2023-03-06,65,0.9886904954910278
9.8,2023,2023-03-06,65,0.9144686460494995
9.9,2023,2023-04-11,101,0.8596037030220032
10.0,2023,2023-03-06,65,0.835151195526123
10.1,2023,2023-10-08,281,0.8479464650154114
10.2,2023,2023-03-06,65,0.8995336890220642
10.3,2023,2023-03-06,65,0.7631801962852478
10.4,2023,2023-10-08,281,0.7079325318336487
10.5,2023,2023-03-06,65,0.7496117949485779
10.6,2023,2023-07-04,185,0.7003341317176819
10.7,2023,2023-03-18,77,0.7371877431869507
10.8,2023,2023-03-18,77,0.7003350257873535
10.9,2023,2023-10-20,293,0.7215189933776855
11.0,2023,2023-10-20,293,0.7340604662895203
11.1,2023,2023-10-20,293,0.9429358243942261
11.2,2023,2023-10-20,293,1.022322177886963
11.3,2023,2023-05-17,137,1.1745188236236572
11.4,2023,2023-10-20,293,1.4493454694747925
11.5,2023,2023-04-11,101,1.47983980178833
11.6,2023,2023-10-20,293,1.4863423109054565
11.7,2023,2023-04-11,101,1.4894630908966064
11.8,2023,2023-04-11,101,1.5054409503936768
11.9,2023,2023-07-16,197,1.620719075202942
12.0,2023,2023-07-16,197,1.7307324409484863
12.1,2023,2023-10-08,281,1.5017696619033813
12.2,2023,2023-05-29,149,1.4831178188323975
12.3,2023,2023-03-06,65,0.8478659391403198
12.4,2023,2023-03-06,65,0.6226784586906433
12.5,2023,2023-07-16,197,0.47059139609336853
12.6,2023,2023-04-11,101,0.4301047921180725
12.7,2023,2023-03-06,65,0.33623775839805603
12.8,2023,2023-03-06,65,0.32961270213127136
12.9,2023,2023-05-29,149,0.3467220962047577
13.0,2023,2023-04-11,101,0.3229970932006836
13.1,2023,2023-07-04,185,0.7058981657028198
13.2,2023,2023-07-04,185,0.7123153805732727
13.3,2023,2023-03-06,65,0.7556220889091492
13.4,2023,2023-10-20,293,2.4070379734039307
13.5,2023,2023-10-20,293,2.5568525791168213
13.6,2023,2023-10-20,293,2.5275607109069824
13.7,2023,2023-10-20,293,2.7098159790039062
13.8,2023,2023-03-30,89,2.156101942062378
13.9,2023,2023-03-06,65,1.6279419660568237
14.0,2023,2023-03-30,89,0.8795056343078613
14.1,2023,2023-07-04,185,0.5484499931335449
14.2,2023,2023-03-06,65,0.6078623533248901
14.3,2023,2023-07-04,185,0.5210546255111694
14.4,2023,2023-07-04,185,0.4857713580131531
14.5,2023,2023-04-11,101,0.3040871024131775
14.6,2023,2023-04-11,101,0.25572413206100464
14.7,2023,2023-07-04,185,0.19561052322387695
14.8,2023,2023-07-04,185,0.1730874478816986
14.9,2023,2023-06-22,173,0.25364723801612854
15.0,2023,2023-06-22,173,0.35736751556396484
15.1,2023,2023-06-22,173,0.4762352705001831
15.2,2023,2023-06-22,173,0.5588699579238892
15.3,2023,2023-06-22,173,0.5380703806877136
15.4,2023,2023-06-22,173,0.49121955037117004
15.5,2023,2023-06-22,173,0.4233064353466034
15.6,2023,2023-06-22,173,0.4036351144313812
15.7,2023,2023-06-22,173,0.37074342370033264
15.8,2023,2023-04-11,101,0.42568638920783997
15.9,2023,2023-04-11,101,0.4636276662349701
16.0,2023,2023-07-04,185,0.3419790267944336
16.1,2023,2023-07-04,185,0.3792293667793274
16.2,2023,2023-07-04,185,0.44259580969810486
16.3,2023,2023-07-04,185,0.4068131446838379
16.4,2023,2023-04-11,101,0.41150176525115967
16.5,2023,2023-03-06,65,0.41847196221351624
16.6,2023,2023-10-20,293,0.28087708353996277
16.7,2023,2023-07-04,185,0.4039492607116699
16.8,2023,2023-04-23,113,0.31981948018074036
16.9,2023,2023-07-04,185,0.4364367425441742
17.0,2023,2023-07-04,185,0.36557939648628235
17.1,2023,2023-04-11,101,0.36375710368156433
17.2,2023,2023-07-04,185,0.45720145106315613
17.3,2023,2023-07-04,185,0.434376060962677
17.4,2023,2023-07-04,185,0.5784389972686768
17.5,2023,2023-06-10,161,0.40826016664505005
17.6,2023,2023-06-10,161,0.4353692829608917
17.7,2023,2023-06-10,161,0.43916237354278564
17.8,2023,2023-06-10,161,0.3881985545158386
17.9,2023,2023-06-10,161,0.34171780943870544
18.0,2023,2023-06-10,161,0.2822631597518921
18.1,2023,2023-07-04,185,0.3293355107307434
18.2,2023,2023-03-30,89,0.2539546489715576
18.3,2023,2023-03-30,89,0.34831976890563965
18.4,2023,2023-03-30,89,0.3323942720890045
18.5,2023,2023-03-30,89,0.27597832679748535
18.6,2023,2023-03-30,89,0.24651025235652924
18.7,2023,2023-03-30,89,0.2437850385904312
18.8,2023,2023-03-30,89,0.22474385797977448
18.9,2023,2023-03-30,89,0.18239355087280273
19.0,2023,2023-05-17,137,0.1479673981666565
19.1,2023,2023-07-16,197,0.12604521214962006
19.2,2023,2023-07-16,197,0.11136901378631592
19.3,2023,2023-07-16,197,0.10615906119346619
19.4,2023,2023-07-04,185,0.10562580823898315
19.5,2023,2023-07-16,197,0.10195329040288925
19.54,2023,2023-07-16,197,0.10195329040288925
0.0,2024,2024-07-22,204,0.15017129480838776
0.1,2024,2024-02-29,60,0.14188764989376068
0.2,2024,2024-04-29,120,0.21971391141414642
0.3,2024,2024-05-23,144,0.37164539098739624
0.4,2024,2024-04-05,96,0.5088256001472473
0.5,2024,2024-04-05,96,0.5108134150505066
0.6,2024,2024-10-14,288,0.5502336025238037
0.7,2024,2024-05-23,144,0.792144238948822
0.8,2024,2024-04-29,120,0.7467736005783081
0.9,2024,2024-09-20,264,0.7566742300987244
1.0,2024,2024-04-05,96,0.519343912601471
1.1,2024,2024-05-23,144,0.5856278538703918
1.2,2024,2024-02-29,60,0.6450226902961731
1.3,2024,2024-07-10,192,0.8777519464492798
1.4,2024,2024-08-27,240,1.1658227443695068
1.5,2024,2024-08-27,240,1.1699100732803345
1.6,2024,2024-08-27,240,1.2089602947235107
1.7,2024,2024-08-27,240,1.175452709197998
1.8,2024,2024-09-20,264,1.2176973819732666
1.9,2024,2024-08-15,228,1.2614076137542725
2.0,2024,2024-04-17,108,0.941826581954956
2.1,2024,2024-04-17,108,1.2635267972946167
2.2,2024,2024-04-17,108,1.4000506401062012
2.3,2024,2024-06-16,168,2.057694911956787
2.4,2024,2024-04-29,120,1.1632018089294434
2.5,2024,2024-06-16,168,2.317216634750366
2.6,2024,2024-06-16,168,1.4843902587890625
2.7,2024,2024-06-16,168,1.2944457530975342
2.8,2024,2024-06-16,168,1.3650221824645996
2.9,2024,2024-06-16,168,1.477810263633728
3.0,2024,2024-06-16,168,1.6476695537567139
3.1,2024,2024-06-16,168,1.7891287803649902
3.2,2024,2024-06-16,168,1.8812822103500366
3.3,2024,2024-07-22,204,1.1934473514556885
3.4,2024,2024-06-16,168,1.4772499799728394
3.5,2024,2024-03-24,84,1.0423247814178467
3.6,2024,2024-04-05,96,0.6176893711090088
3.7,2024,2024-05-23,144,0.6123906373977661
3.8,2024,2024-04-05,96,0.8244723081588745
3.9,2024,2024-04-05,96,0.8244723081588745
4.0,2024,2024-04-05,96,0.557413637638092
4.1,2024,2024-09-08,252,0.536401093006134
4.2,2024,2024-09-08,252,0.5639296174049377
4.3,2024,2024-05-11,132,0.5895228385925293
4.4,2024,2024-09-08,252,0.6180286407470703
4.5,2024,2024-09-08,252,0.6589098572731018
4.6,2024,2024-09-08,252,0.6676914095878601
4.7,2024,2024-09-08,252,0.629091203212738
4.8,2024,2024-05-11,132,0.6288345456123352
4.9,2024,2024-05-11,132,0.5948995351791382
5.0,2024,2024-05-11,132,0.6150764226913452
5.1,2024,2024-05-11,132,0.5751614570617676
5.2,2024,2024-08-27,240,0.5560767650604248
5.3,2024,2024-08-27,240,0.7992374300956726
5.4,2024,2024-08-27,240,0.7779860496520996
5.5,2024,2024-05-11,132,0.5316991806030273
5.6,2024,2024-06-16,168,0.6446493268013
5.7,2024,2024-06-16,168,0.8907797336578369
5.8,2024,2024-08-27,240,0.6176702380180359
5.9,2024,2024-10-26,300,0.6778789758682251
6.0,2024,2024-05-23,144,0.9708437323570251
6.1,2024,2024-02-29,60,0.901641845703125
6.2,2024,2024-02-29,60,1.1142138242721558
6.3,2024,2024-07-22,204,2.1146535873413086
6.4,2024,2024-07-22,204,1.6478521823883057
6.5,2024,2024-04-29,120,1.8500398397445679
6.6,2024,2024-04-29,120,1.8683301210403442
6.7,2024,2024-04-29,120,1.8797447681427002
6.8,2024,2024-04-29,120,1.075518012046814
6.9,2024,2024-04-17,108,0.6955060362815857
7.0,2024,2024-08-27,240,0.5408853888511658
7.1,2024,2024-05-23,144,0.709017276763916
7.2,2024,2024-05-23,144,0.7425221800804138
7.3,2024,2024-04-29,120,0.7345439195632935
7.4,2024,2024-07-10,192,0.9634585976600647
7.5,2024,2024-07-10,192,1.2062411308288574
7.6,2024,2024-07-10,192,1.236266016960144
7.7,2024,2024-02-29,60,0.8123856782913208
7.8,2024,2024-02-29,60,0.8135498762130737
7.9,2024,2024-02-29,60,0.8358650803565979
8.0,2024,2024-03-12,72,0.8400909900665283
8.1,2024,2024-03-12,72,0.9209555983543396
8.2,2024,2024-09-20,264,1.0268337726593018
8.3,2024,2024-03-24,84,1.074965000152588
8.4,2024,2024-03-24,84,1.093813180923462
8.5,2024,2024-09-20,264,1.1263443231582642
8.6,2024,2024-09-20,264,1.3166252374649048
8.7,2024,2024-09-20,264,1.4585334062576294
8.8,2024,2024-10-14,288,1.4670827388763428
8.9,2024,2024-10-14,288,2.164992570877075
9.0,2024,2024-10-14,288,2.437417984008789
9.1,2024,2024-10-14,288,2.539823055267334
9.2,2024,2024-10-14,288,1.8631662130355835
9.3,2024,2024-04-05,96,1.5172168016433716
9.4,2024,2024-04-05,96,1.4625813961029053
9.5,2024,2024-04-05,96,1.2374348640441895
9.6,2024,2024-04-05,96,1.0155627727508545
9.7,2024,2024-04-05,96,1.0304664373397827
9.8,2024,2024-04-29,120,0.8450512886047363
9.9,2024,2024-02-29,60,0.7417595982551575
10.0,2024,2024-10-26,300,0.7259995341300964
10.1,2024,2024-02-29,60,0.7878353595733643
10.2,2024,2024-02-29,60,0.7935907244682312
10.3,2024,2024-02-29,60,0.703970730304718
10.4,2024,2024-03-24,84,0.6584593653678894
10.5,2024,2024-03-24,84,0.7667357921600342
10.6,2024,2024-04-05,96,0.8343340754508972
10.7,2024,2024-04-05,96,0.8187456130981445
10.8,2024,2024-03-12,72,0.6346772313117981
10.9,2024,2024-03-12,72,0.7131286263465881
11.0,2024,2024-03-24,84,0.5923699736595154
11.1,2024,2024-03-12,72,1.0131417512893677
11.2,2024,2024-04-05,96,1.146639347076416
11.3,2024,2024-10-14,288,1.3062176704406738
11.4,2024,2024-04-29,120,1.6077686548233032
11.5,2024,2024-04-29,120,1.6154507398605347
11.6,2024,2024-04-29,120,1.6424374699592599
11.7,2024,2024-10-26,300,1.746006965637207
11.8,2024,2024-04-05,96,1.664286417961121
11.9,2024,2024-04-05,96,1.8510432267189025
12.0,2024,2024-04-05,96,1.7307324409484863
12.1,2024,2024-10-26,300,1.72575044631958
12.2,2024,2024-10-26,300,1.5290584564208984
12.3,2024,2024-10-26,300,0.928403913974762
12.4,2024,2024-03-12,72,0.5872403383255005
12.5,2024,2024-09-08,252,0.4001511037349701
12.6,2024,2024-05-11,132,0.4297780692577362
12.7,2024,2024-02-29,60,0.32666435837745667
12.8,2024,2024-03-12,72,0.34601953625679016
12.9,2024,2024-03-12,72,0.34818235039711
13.0,2024,2024-02-29,60,0.4086610972881317
13.1,2024,2024-03-12,72,0.795158326625824
13.2,2024,2024-03-12,72,0.9319269061088562
13.3,2024,2024-03-24,84,1.0763531923294067
13.4,2024,2024-03-24,84,2.4070379734039307
13.5,2024,2024-10-26,300,1.8923707008361816
13.6,2024,2024-10-26,300,2.18566632270813
13.7,2024,2024-10-26,300,2.391883373260498
13.8,2024,2024-10-26,300,2.057650089263916
13.9,2024,2024-10-26,300,1.2809982299804688
14.0,2024,2024-02-29,60,0.9295894503593445
14.1,2024,2024-04-05,96,0.5881247520446777
14.2,2024,2024-04-05,96,0.7246876358985901
14.3,2024,2024-04-05,96,0.564712405204773
14.4,2024,2024-04-05,96,0.40696269273757935
14.5,2024,2024-04-05,96,0.3323504328727722
14.6,2024,2024-02-29,60,0.1924877166748047
14.7,2024,2024-04-05,96,0.2779248058795929
14.8,2024,2024-04-17,108,0.23118440806865692
14.9,2024,2024-04-05,96,0.25486892461776733
15.0,2024,2024-04-05,96,0.37917158007621765
15.1,2024,2024-04-05,96,0.49143359065055847
15.2,2024,2024-03-12,72,0.5885535478591919
15.3,2024,2024-06-16,168,0.425299733877182
15.4,2024,2024-07-22,204,0.4756440222263336
15.5,2024,2024-07-22,204,0.4277878403663635
15.6,2024,2024-07-22,204,0.41934069991111755
15.7,2024,2024-07-22,204,0.4212493896484375
15.8,2024,2024-05-23,144,0.4470127820968628
15.9,2024,2024-10-26,300,0.4171846807003021
16.0,2024,2024-02-29,60,0.5245274305343628
16.1,2024,2024-04-17,108,0.5483827590942383
16.2,2024,2024-07-22,204,0.3543281853199005
16.3,2024,2024-10-26,300,0.35581231117248535
16.4,2024,2024-06-16,168,0.35294193029403687
16.5,2024,2024-04-17,108,0.3964254558086395
16.6,2024,2024-06-16,168,0.36492571234703064
16.7,2024,2024-06-16,168,0.329440176486969
16.8,2024,2024-04-17,108,0.32483986020088196
16.9,2024,2024-10-14,288,0.5567492842674255
17.0,2024,2024-10-14,288,0.5659177303314209
17.1,2024,2024-10-14,288,0.5784960389137268
17.2,2024,2024-10-14,288,0.3491092920303345
17.3,2024,2024-03-24,84,0.4440617859363556
17.4,2024,2024-04-05,96,0.5791518092155457
17.5,2024,2024-09-08,252,0.43127545714378357
17.6,2024,2024-09-08,252,0.4959244728088379
17.7,2024,2024-03-24,84,0.5259569883346558
17.8,2024,2024-10-26,300,0.4834411144256592
17.9,2024,2024-03-24,84,0.46415016055107117
18.0,2024,2024-10-26,300,0.41498154401779175
18.1,2024,2024-10-26,300,0.4492635130882263
18.2,2024,2024-09-20,264,0.27115923166275024
18.3,2024,2024-10-26,300,0.2978895902633667
18.4,2024,2024-04-17,108,0.3184623718261719
18.5,2024,2024-04-29,120,0.1867709755897522
18.6,2024,2024-04-29,120,0.18619748950004578
18.7,2024,2024-04-17,108,0.25788697600364685
18.8,2024,2024-04-29,120,0.18373365700244904
18.9,2024,2024-04-29,120,0.1876944899559021
19.0,2024,2024-10-26,300,0.1433509886264801
19.1,2024,2024-04-29,120,0.1573319435119629
19.2,2024,2024-09-08,252,0.14809587597846985
19.3,2024,2024-04-29,120,0.10603993386030197
19.4,2024,2024-04-29,120,0.1021508127450943
19.5,2024,2024-04-29,120,0.09934094548225403
19.54,2024,2024-04-29,120,0.09934094548225403
